{"cameraMode":{"drawMode":0,"name":"Shaded","section":"Shading Mode"},"sceneLighting":false,"audioPlay":false,"sceneViewState":{"showFog":true,"showMaterialUpdate":false,"showSkybox":true,"showFlares":true,"showImageEffects":true,"showParticleSystems":true},"in2DMode":false,"pivot":{"x":0.3930000066757202,"y":1.8826490640640259,"z":2.253000020980835},"rotation":{"x":0.061695441603660586,"y":0.4882555603981018,"z":-0.034631289541721347,"w":0.8698281049728394},"size":0.6399957537651062,"orthographic":false}