{"cameraMode":{"drawMode":0,"name":"Shaded","section":"Shading Mode"},"sceneLighting":true,"audioPlay":false,"sceneViewState":{"showFog":true,"showMaterialUpdate":false,"showSkybox":true,"showFlares":true,"showImageEffects":true,"showParticleSystems":true},"in2DMode":false,"pivot":{"x":-111.4072265625,"y":1.214599609375,"z":73.1796875},"rotation":{"x":0.008132443763315678,"y":0.9856052994728088,"z":-0.049715716391801837,"w":0.1613829880952835},"size":9.788636207580567,"orthographic":true}