{"cameraMode":{"drawMode":0,"name":"Shaded","section":"Shading Mode"},"sceneLighting":true,"audioPlay":false,"sceneViewState":{"showFog":true,"showMaterialUpdate":false,"showSkybox":true,"showFlares":true,"showImageEffects":true,"showParticleSystems":true},"in2DMode":false,"pivot":{"x":-111.80119323730469,"y":1.287372350692749,"z":69.52487182617188},"rotation":{"x":0.006382070481777191,"y":0.9910721778869629,"z":-0.05148088186979294,"w":0.1228208988904953},"size":4.099986553192139,"orthographic":true}