{"cameraMode":{"drawMode":0,"name":"Shaded","section":"Shading Mode"},"sceneLighting":true,"audioPlay":false,"sceneViewState":{"showFog":true,"showMaterialUpdate":false,"showSkybox":true,"showFlares":true,"showImageEffects":true,"showParticleSystems":true},"in2DMode":false,"pivot":{"x":-157.35565185546876,"y":21.104888916015626,"z":-100.15472412109375},"rotation":{"x":-0.15445320308208466,"y":0.8422183990478516,"z":-0.40372708439826968,"w":-0.3222063183784485},"size":595.0094604492188,"orthographic":false}