{"cameraMode":{"drawMode":0,"name":"Shaded","section":"Shading Mode"},"sceneLighting":false,"audioPlay":false,"sceneViewState":{"showFog":true,"showMaterialUpdate":false,"showSkybox":true,"showFlares":true,"showImageEffects":true,"showParticleSystems":true},"in2DMode":false,"pivot":{"x":-111.2890396118164,"y":0.5105681419372559,"z":70.09906768798828},"rotation":{"x":0.00011487409210531041,"y":0.9979576468467712,"z":-0.06385467946529389,"w":0.001794318319298327},"size":3.1091132164001467,"orthographic":true}