{"cameraMode":{"drawMode":0,"name":"Shaded","section":"Shading Mode"},"sceneLighting":false,"audioPlay":false,"sceneViewState":{"showFog":true,"showMaterialUpdate":false,"showSkybox":true,"showFlares":true,"showImageEffects":true,"showParticleSystems":true},"in2DMode":false,"pivot":{"x":-1.5774157047271729,"y":1.5970302820205689,"z":-4.174283504486084},"rotation":{"x":-0.00004950203583575785,"y":0.9991425275802612,"z":-0.04138627648353577,"w":-0.0012007455807179213},"size":6.307793140411377,"orthographic":true}