{"cameraMode":{"drawMode":0,"name":"Shaded","section":"Shading Mode"},"sceneLighting":true,"audioPlay":false,"sceneViewState":{"showFog":true,"showMaterialUpdate":false,"showSkybox":true,"showFlares":true,"showImageEffects":true,"showParticleSystems":true},"in2DMode":false,"pivot":{"x":-111.790771484375,"y":0.8104248046875,"z":70.681640625},"rotation":{"x":0.012891908176243306,"y":0.029990868642926217,"z":-0.00038676703115925193,"w":0.9994669556617737},"size":11.486193656921387,"orthographic":true}