{"cameraMode":{"drawMode":0,"name":"Shaded","section":"Shading Mode"},"sceneLighting":false,"audioPlay":false,"sceneViewState":{"showFog":true,"showMaterialUpdate":false,"showSkybox":true,"showFlares":true,"showImageEffects":true,"showParticleSystems":true},"in2DMode":false,"pivot":{"x":-111.52100372314453,"y":0.7594491243362427,"z":70.2020034790039},"rotation":{"x":0.021896280348300935,"y":0.0014974636724218727,"z":-0.000032733893021941185,"w":0.9997591376304627},"size":0.5591914057731628,"orthographic":true}