{"cameraMode":{"drawMode":0,"name":"Shaded","section":"Shading Mode"},"sceneLighting":true,"audioPlay":false,"sceneViewState":{"showFog":true,"showMaterialUpdate":false,"showSkybox":true,"showFlares":true,"showImageEffects":true,"showParticleSystems":true},"in2DMode":false,"pivot":{"x":-114.0296630859375,"y":0.38616943359375,"z":68.9453125},"rotation":{"x":0.006382070481777191,"y":0.9910721778869629,"z":-0.05148088186979294,"w":0.1228208988904953},"size":5.523100852966309,"orthographic":true}