{"cameraMode":{"drawMode":0,"name":"Shaded","section":"Shading Mode"},"sceneLighting":false,"audioPlay":false,"sceneViewState":{"showFog":true,"showMaterialUpdate":false,"showSkybox":true,"showFlares":true,"showImageEffects":true,"showParticleSystems":true},"in2DMode":false,"pivot":{"x":-114.23176574707031,"y":1.2233304977416993,"z":71.84380340576172},"rotation":{"x":0.00011444670235505328,"y":0.9976601600646973,"z":-0.06834446638822556,"w":0.0017957361415028573},"size":3.586000442504883,"orthographic":true}