{"cameraMode":{"drawMode":0,"name":"Shaded","section":"Shading Mode"},"sceneLighting":true,"audioPlay":false,"sceneViewState":{"showFog":true,"showMaterialUpdate":false,"showSkybox":true,"showFlares":true,"showImageEffects":true,"showParticleSystems":true},"in2DMode":false,"pivot":{"x":-112.49971008300781,"y":0.7876560688018799,"z":73.30000305175781},"rotation":{"x":0.00011444670235505328,"y":0.9976601600646973,"z":-0.06834446638822556,"w":0.0017957361415028573},"size":3.357957363128662,"orthographic":true}