{"cameraMode":{"drawMode":0,"name":"Shaded","section":"Shading Mode"},"sceneLighting":true,"audioPlay":false,"sceneViewState":{"showFog":true,"showMaterialUpdate":false,"showSkybox":true,"showFlares":true,"showImageEffects":true,"showParticleSystems":true},"in2DMode":false,"pivot":{"x":-216.72607421875,"y":73.33495330810547,"z":-50.913455963134769},"rotation":{"x":-0.12217145413160324,"y":-0.8416783809661865,"z":0.21401990950107575,"w":-0.4804656207561493},"size":17.486469268798829,"orthographic":false}