{"cameraMode":{"drawMode":0,"name":"Shaded","section":"Shading Mode"},"sceneLighting":true,"audioPlay":false,"sceneViewState":{"showFog":true,"showMaterialUpdate":false,"showSkybox":true,"showFlares":true,"showImageEffects":true,"showParticleSystems":true},"in2DMode":false,"pivot":{"x":-112.49971008300781,"y":0.7876560688018799,"z":73.30000305175781},"rotation":{"x":0.00005248039815342054,"y":0.9994239211082459,"z":-0.03389131650328636,"w":0.0017984553705900908},"size":15.959542274475098,"orthographic":true}